<step title="Incoming Request" date="2025-06-11T14:07:47.558" instance="a2f383" url="/api/zipdeploy?isAsync=true&amp;deployer=GITHUB_ZIP_DEPLOY&amp;message=%7B%22type%22%3A%22deployment%22%2C%22sha%22%3A%22ba9ae06343afd604a6c281104ebd5a6ac798912b%22%2C%22repoName%22%3A%22probinson27r%2Flocation-bot%22%2C%22actor%22%3A%22probinson27r%22%2C%22slotName%22%3A%22production%22%2C%22commitMessage%22%3A%22Remove%20Docker%20workflows%20and%20scripts%2C%20keep%20only%20Azure%20App%20Service%20deployment%22%7D" method="POST" type="request" pid="825,1,16" Host="location-bot-app.scm.azurewebsites.net" User-Agent="GITHUBACTIONS_DeployWebAppToAzure_f7ff736849f76bad7da7fdddc90929ffcec3960c5d3b7cbb9bc413d1b43b3fd8" Authorization="Bea..." Content-Type="application/octet-stream" Cookie="ARRAffinity=a2f3830eaa37e846301ed32115377ad1acfc671c14c8fba1b25a4af2e57fc782;Path=/;HttpOnly;Secure;Domain=location-bot-app.scm.azurewebsites.net; ARRAffinitySameSite=a2f3830eaa37e846301ed32115377ad1acfc671c14c8fba1b25a4af2e57fc782;Path=/;HttpOnly;SameSite=None;Secure;Domain=location-bot-app.scm.azurewebsites.net" Transfer-Encoding="chunked" X-ARR-LOG-ID="814c81ac-6969-4096-b83b-bbd7f388a2e8" CLIENT-IP="40.83.253.86:1984" X-SITE-DEPLOYMENT-ID="location-bot-app" WAS-DEFAULT-HOSTNAME="location-bot-app.scm.azurewebsites.net" X-Forwarded-Proto="https" X-AppService-Proto="https" X-Forwarded-TlsVersion="1.3" X-WAWS-Unencoded-URL="/api/zipdeploy?isAsync=true&amp;deployer=GITHUB_ZIP_DEPLOY&amp;message=%7B%22type%22%3A%22deployment%22%2C%22sha%22%3A%22ba9ae06343afd604a6c281104ebd5a6ac798912b%22%2C%22repoName%22%3A%22probinson27r%2Flocation-bot%22%2C%22actor%22%3A%22probinson27r%22%2C%22slotName%22%3A%22production%22%2C%22commitMessage%22%3A%22Remove%20Docker%20workflows%20and%20scripts%2C%20keep%20only%20Azure%20App%20Service%20deployment%22%7D" X-Client-IP="40.83.253.86" X-Client-Port="1984" >
  <step title="Cleanup Xml Logs" date="2025-06-11T14:07:47.568" /><!-- duration: 12ms -->
  <step title="ZipPushDeploy" date="2025-06-11T14:07:47.619" >
    <step title="ZipDeploy. Extract zip." date="2025-06-11T14:07:47.629" /><!-- duration: 2ms -->
    <step title="Starting PushDeployAsync" date="2025-06-11T14:07:47.637" /><!-- duration: 2ms -->
    <step title="Removing node_modules symlink" date="2025-06-11T14:07:47.659" >
      <step title="Writing artifact to /tmp/zipdeploy/7de8b511-5485-44b6-8b6a-6de30aeb9659.zip" date="2025-06-11T14:07:47.774" >
        <step title="Writing multipart request body to /tmp/zipdeploy/7de8b511-5485-44b6-8b6a-6de30aeb9659.zip" date="2025-06-11T14:07:47.792" /><!-- duration: 8ms -->
      </step><!-- duration: 2973ms -->
      <step title="Removing previous build artifact&apos;s manifest file" date="2025-06-11T14:07:50.764" >
        <step title="Start deployment in the background" date="2025-06-11T14:07:50.828" >
          <step title="Acquiring Deployment Lock" date="2025-06-11T14:07:50.875" /><!-- duration: 3ms -->
          <step title="Acquired Deployment Lock" date="2025-06-11T14:07:50.913" /><!-- duration: 2ms -->
        </step><!-- duration: 181ms -->
      </step><!-- duration: 250ms -->
      <step title="Outgoing response" date="2025-06-11T14:07:51.017" type="response" statusCode="202" statusText="Accepted" /><!-- duration: 2ms -->
    </step><!-- duration: 3362ms -->
