<step title="Incoming Request" date="2025-06-11T13:54:54.752" instance="a2f383" url="/api/zipdeploy?isAsync=true&amp;deployer=GITHUB_ZIP_DEPLOY&amp;message=%7B%22type%22%3A%22deployment%22%2C%22sha%22%3A%22f53e5246dfd1dc915ee26688387fb16da5c2989a%22%2C%22repoName%22%3A%22probinson27r%2Flocation-bot%22%2C%22actor%22%3A%22probinson27r%22%2C%22slotName%22%3A%22production%22%2C%22commitMessage%22%3A%22Update%20package-lock.json%20to%20sync%20with%20package.json%20changes%22%7D" method="POST" type="request" pid="825,1,28" Host="location-bot-app.scm.azurewebsites.net" User-Agent="GITHUBACTIONS_DeployWebAppToAzure_f7ff736849f76bad7da7fdddc90929ffcec3960c5d3b7cbb9bc413d1b43b3fd8" Authorization="Bea..." Content-Type="application/octet-stream" Cookie="ARRAffinity=a2f3830eaa37e846301ed32115377ad1acfc671c14c8fba1b25a4af2e57fc782;Path=/;HttpOnly;Secure;Domain=location-bot-app.scm.azurewebsites.net; ARRAffinitySameSite=a2f3830eaa37e846301ed32115377ad1acfc671c14c8fba1b25a4af2e57fc782;Path=/;HttpOnly;SameSite=None;Secure;Domain=location-bot-app.scm.azurewebsites.net" Transfer-Encoding="chunked" X-ARR-LOG-ID="4205bb4a-17f2-4b66-862e-623f0df10447" CLIENT-IP="20.42.16.239:15552" X-SITE-DEPLOYMENT-ID="location-bot-app" WAS-DEFAULT-HOSTNAME="location-bot-app.scm.azurewebsites.net" X-Forwarded-Proto="https" X-AppService-Proto="https" X-Forwarded-TlsVersion="1.3" X-WAWS-Unencoded-URL="/api/zipdeploy?isAsync=true&amp;deployer=GITHUB_ZIP_DEPLOY&amp;message=%7B%22type%22%3A%22deployment%22%2C%22sha%22%3A%22f53e5246dfd1dc915ee26688387fb16da5c2989a%22%2C%22repoName%22%3A%22probinson27r%2Flocation-bot%22%2C%22actor%22%3A%22probinson27r%22%2C%22slotName%22%3A%22production%22%2C%22commitMessage%22%3A%22Update%20package-lock.json%20to%20sync%20with%20package.json%20changes%22%7D" X-Client-IP="20.42.16.239" X-Client-Port="15552" >
  <step title="Cleanup Xml Logs" date="2025-06-11T13:54:54.761" /><!-- duration: 31ms -->
  <step title="ZipPushDeploy" date="2025-06-11T13:54:55.010" >
    <step title="ZipDeploy. Extract zip." date="2025-06-11T13:54:55.031" /><!-- duration: 13ms -->
    <step title="None repository commit" date="2025-06-11T13:54:55.064" >
      <step title="Commit id: 273152e2-ed65-4c4f-9fe7-b77742ecd8f0" date="2025-06-11T13:54:55.080" Message="N/A" AuthorName="N/A" AuthorEmail="N/A" /><!-- duration: 9ms -->
    </step><!-- duration: 34ms -->
    <step title="Starting PushDeployAsync" date="2025-06-11T13:54:55.106" /><!-- duration: 10ms -->
    <step title="Writing artifact to /tmp/zipdeploy/794ea944-fdb2-4c32-88c6-10d3e337e8d3.zip" date="2025-06-11T13:54:55.139" >
      <step title="Writing multipart request body to /tmp/zipdeploy/794ea944-fdb2-4c32-88c6-10d3e337e8d3.zip" date="2025-06-11T13:54:55.162" /><!-- duration: 10ms -->
    </step><!-- duration: 3991ms -->
    <step title="Start deployment in the background" date="2025-06-11T13:54:59.184" >
      <step title="Acquiring Deployment Lock" date="2025-06-11T13:54:59.228" /><!-- duration: 8ms -->
      <step title="Acquired Deployment Lock" date="2025-06-11T13:54:59.308" /><!-- duration: 3ms -->
    </step><!-- duration: 340ms -->
  </step><!-- duration: 4833ms -->
  <step title="Outgoing response" date="2025-06-11T13:54:59.869" type="response" statusCode="202" statusText="Accepted" /><!-- duration: 9ms -->
</step><!-- duration: 5132ms -->
