<step title="BackgroundTrace" date="2025-06-11T13:59:05.488" instance="a2f383" url="/api/zipdeploy" method="POST" >
  <step title="Cleanup Xml Logs" date="2025-06-11T13:59:05.490" /><!-- duration: 44ms -->
  <step title="Creating temporary deployment - FetchDeploymentManager" date="2025-06-11T13:59:06.037" /><!-- duration: 7ms -->
  <step title="Creating temporary deployment" date="2025-06-11T13:59:06.063" /><!-- duration: 133ms -->
  <step title="Performing fetch based deployment" date="2025-06-11T13:59:06.262" >
    <step title="Cleaning up temp folders from previous zip deployments and extracting pushed zip file /tmp/zipdeploy/571456b2-f404-41aa-9683-d13463b3b8bd.zip (60.46 MB) to /tmp/zipdeploy/extracted" date="2025-06-11T13:59:07.444" >
      <step title="ChmodRecursive Process exited with total time taken in ms: 840" date="2025-06-11T14:00:00.423" /><!-- duration: 15ms -->
    </step><!-- duration: 53013ms -->
    <step title="Deployment timer started" date="2025-06-11T14:00:02.499" >
      <step title="DeploymentManager.Deploy(id:09beacec-5a3a-42c2-9f2e-75bb54bdfee9)" date="2025-06-11T14:00:02.548" >
        <step title="Collecting changeset information" date="2025-06-11T14:00:02.632" /><!-- duration: 234ms -->
        <step title="Updating submodules" date="2025-06-11T14:00:02.919" /><!-- duration: 1317ms -->
        <step title="Determining deployment builder" date="2025-06-11T14:00:04.578" >
          <step title="Builder is BasicBuilder" date="2025-06-11T14:00:04.588" /><!-- duration: 2ms -->
        </step><!-- duration: 17ms -->
        <step title="PreDeployment: context.CleanOutputPath False" date="2025-06-11T14:00:04.883" >
          <step title="PreDeployment: context.OutputPath /home/site/wwwroot" date="2025-06-11T14:00:05.006" >
            <step title="Building" date="2025-06-11T14:00:05.198" >
              <step title="Executing external process" date="2025-06-11T14:00:06.234" type="process" path="starter.sh" arguments="/opt/Kudu/Scripts/absoluteTar.sh /tmp/zipdeploy/extracted/node_modules /tmp/zipdeploy/extracted/node_modules.tar.gz" >
                <step title="Cpu: gzip(1234,23.580s)+sh(1233,0.000s)+tar(1232,5.910s)+absoluteTar.sh(1231,0.020s)=total(29.510s)" date="2025-06-11T14:01:07.013" /><!-- duration: 17ms -->
                <step title="starter.sh: no io activity for 60s, prev-cpu=-1.000s, current-cpu=29.510s" date="2025-06-11T14:01:07.055" /><!-- duration: 17ms -->
              </step><!-- duration: 64242ms -->
              <step title="Executing external process" date="2025-06-11T14:01:10.829" type="process" path="starter.sh" arguments="/opt/Kudu/Scripts/parallel_rsync.sh /tmp/zipdeploy/extracted /home/site/wwwroot 8 /tmp/ False True node_modules " /><!-- duration: 8374ms -->
              <step title="Triggering recycle (preview mode disabled)." date="2025-06-11T14:01:19.830" /><!-- duration: 3ms -->
              <step title="Modified file to trigger a restart of the app container." date="2025-06-11T14:01:19.851" /><!-- duration: 9ms -->
              <step title="Skip function trigger and logicapp sync because function is not enabled." date="2025-06-11T14:01:19.878" /><!-- duration: 3ms -->
            </step><!-- duration: 75393ms -->
          </step><!-- duration: 75648ms -->
          <step title="Cleaning up temp files" date="2025-06-11T14:01:20.664" /><!-- duration: 19ms -->
          <step title="Cleaning up temp files" date="2025-06-11T14:01:20.685" /><!-- duration: 522ms -->
          <step title="Reloading status file with latest updates" date="2025-06-11T14:01:21.241" >
            <step title="WebHooksManager.PublishEventAsync: PostDeployment" date="2025-06-11T14:01:21.279" /><!-- duration: 1365ms -->
          </step><!-- duration: 1418ms -->
          <step title="Cleaning up temporary deployment - fetch deployment was successful" date="2025-06-11T14:01:22.687" /><!-- duration: 10ms -->
        </step><!-- duration: 77897ms -->
      </step><!-- duration: 80277ms -->
