<step title="BackgroundTrace" date="2025-06-11T13:54:59.192" instance="a2f383" url="/api/zipdeploy" method="POST" >
  <step title="Cleanup Xml Logs" date="2025-06-11T13:54:59.210" /><!-- duration: 4ms -->
  <step title="Creating temporary deployment - FetchDeploymentManager" date="2025-06-11T13:54:59.313" /><!-- duration: 3ms -->
  <step title="Creating temporary deployment" date="2025-06-11T13:54:59.325" /><!-- duration: 195ms -->
  <step title="Performing fetch based deployment" date="2025-06-11T13:54:59.933" >
    <step title="Cleaning up temp folders from previous zip deployments and extracting pushed zip file /tmp/zipdeploy/794ea944-fdb2-4c32-88c6-10d3e337e8d3.zip (60.47 MB) to /tmp/zipdeploy/extracted" date="2025-06-11T13:55:01.272" >
      <step title="ChmodRecursive Process exited with total time taken in ms: 723" date="2025-06-11T13:55:50.197" /><!-- duration: 10ms -->
    </step><!-- duration: 48953ms -->
    <step title="Deployment timer started" date="2025-06-11T13:55:52.390" >
      <step title="DeploymentManager.Deploy(id:273152e2-ed65-4c4f-9fe7-b77742ecd8f0)" date="2025-06-11T13:55:52.448" >
        <step title="Collecting changeset information" date="2025-06-11T13:55:52.559" /><!-- duration: 306ms -->
        <step title="Updating submodules" date="2025-06-11T13:55:52.876" /><!-- duration: 1630ms -->
        <step title="Determining deployment builder" date="2025-06-11T13:55:54.948" >
          <step title="Builder is BasicBuilder" date="2025-06-11T13:55:55.015" /><!-- duration: 8ms -->
        </step><!-- duration: 102ms -->
        <step title="PreDeployment: context.CleanOutputPath False" date="2025-06-11T13:55:55.129" >
          <step title="PreDeployment: context.OutputPath /home/site/wwwroot" date="2025-06-11T13:55:55.260" >
            <step title="Building" date="2025-06-11T13:55:55.485" >
              <step title="Executing external process" date="2025-06-11T13:55:56.140" type="process" path="starter.sh" arguments="/opt/Kudu/Scripts/absoluteTar.sh /tmp/zipdeploy/extracted/node_modules /tmp/zipdeploy/extracted/node_modules.tar.gz" /><!-- duration: 58196ms -->
              <step title="Executing external process" date="2025-06-11T13:56:54.724" type="process" path="starter.sh" arguments="/opt/Kudu/Scripts/parallel_rsync.sh /tmp/zipdeploy/extracted /home/site/wwwroot 8 /tmp/ False True node_modules " /><!-- duration: 8817ms -->
              <step title="Triggering recycle (preview mode disabled)." date="2025-06-11T13:57:04.104" /><!-- duration: 5ms -->
              <step title="Modified file to trigger a restart of the app container." date="2025-06-11T13:57:04.128" /><!-- duration: 2ms -->
              <step title="Skip function trigger and logicapp sync because function is not enabled." date="2025-06-11T13:57:04.136" /><!-- duration: 9ms -->
            </step><!-- duration: 69188ms -->
          </step><!-- duration: 69429ms -->
          <step title="Cleaning up temp files" date="2025-06-11T13:57:04.691" /><!-- duration: 9ms -->
          <step title="Cleaning up temp files" date="2025-06-11T13:57:04.708" /><!-- duration: 520ms -->
          <step title="Reloading status file with latest updates" date="2025-06-11T13:57:05.254" >
            <step title="WebHooksManager.PublishEventAsync: PostDeployment" date="2025-06-11T13:57:05.273" /><!-- duration: 237ms -->
          </step><!-- duration: 264ms -->
          <step title="Cleaning up temporary deployment - fetch deployment was successful" date="2025-06-11T13:57:05.551" /><!-- duration: 3ms -->
        </step><!-- duration: 70531ms -->
      </step><!-- duration: 73231ms -->
