<step title="Incoming Request" date="2025-06-11T13:59:01.451" instance="a2f383" url="/api/zipdeploy?isAsync=true&amp;deployer=GITHUB_ZIP_DEPLOY&amp;message=%7B%22type%22%3A%22deployment%22%2C%22sha%22%3A%2254e2868dad118c126d23d20d7a353194cbe369d8%22%2C%22repoName%22%3A%22probinson27r%2Flocation-bot%22%2C%22actor%22%3A%22probinson27r%22%2C%22slotName%22%3A%22production%22%2C%22commitMessage%22%3A%22Add%20README%20and%20trigger%20deployment%20with%20proper%20Azure%20credentials%22%7D" method="POST" type="request" pid="825,1,31" Host="location-bot-app.scm.azurewebsites.net" User-Agent="GITHUBACTIONS_DeployWebAppToAzure_f7ff736849f76bad7da7fdddc90929ffcec3960c5d3b7cbb9bc413d1b43b3fd8" Authorization="Bea..." Content-Type="application/octet-stream" Cookie="ARRAffinity=a2f3830eaa37e846301ed32115377ad1acfc671c14c8fba1b25a4af2e57fc782;Path=/;HttpOnly;Secure;Domain=location-bot-app.scm.azurewebsites.net; ARRAffinitySameSite=a2f3830eaa37e846301ed32115377ad1acfc671c14c8fba1b25a4af2e57fc782;Path=/;HttpOnly;SameSite=None;Secure;Domain=location-bot-app.scm.azurewebsites.net" Transfer-Encoding="chunked" X-ARR-LOG-ID="4b2a0f3d-aacf-4bd8-b387-eb87cab5775b" CLIENT-IP="20.163.113.47:1024" X-SITE-DEPLOYMENT-ID="location-bot-app" WAS-DEFAULT-HOSTNAME="location-bot-app.scm.azurewebsites.net" X-Forwarded-Proto="https" X-AppService-Proto="https" X-Forwarded-TlsVersion="1.3" X-WAWS-Unencoded-URL="/api/zipdeploy?isAsync=true&amp;deployer=GITHUB_ZIP_DEPLOY&amp;message=%7B%22type%22%3A%22deployment%22%2C%22sha%22%3A%2254e2868dad118c126d23d20d7a353194cbe369d8%22%2C%22repoName%22%3A%22probinson27r%2Flocation-bot%22%2C%22actor%22%3A%22probinson27r%22%2C%22slotName%22%3A%22production%22%2C%22commitMessage%22%3A%22Add%20README%20and%20trigger%20deployment%20with%20proper%20Azure%20credentials%22%7D" X-Client-IP="20.163.113.47" X-Client-Port="1024" >
  <step title="Cleanup Xml Logs" date="2025-06-11T13:59:01.458" /><!-- duration: 11ms -->
  <step title="ZipPushDeploy" date="2025-06-11T13:59:01.527" >
    <step title="ZipDeploy. Extract zip." date="2025-06-11T13:59:01.547" /><!-- duration: 8ms -->
    <step title="Starting PushDeployAsync" date="2025-06-11T13:59:01.567" /><!-- duration: 8ms -->
    <step title="Removing node_modules symlink" date="2025-06-11T13:59:01.622" >
      <step title="Writing artifact to /tmp/zipdeploy/571456b2-f404-41aa-9683-d13463b3b8bd.zip" date="2025-06-11T13:59:01.707" >
        <step title="Writing multipart request body to /tmp/zipdeploy/571456b2-f404-41aa-9683-d13463b3b8bd.zip" date="2025-06-11T13:59:01.716" /><!-- duration: 10ms -->
      </step><!-- duration: 3570ms -->
      <step title="Removing previous build artifact&apos;s manifest file" date="2025-06-11T13:59:05.359" >
        <step title="Start deployment in the background" date="2025-06-11T13:59:05.462" >
          <step title="Acquiring Deployment Lock" date="2025-06-11T13:59:05.574" /><!-- duration: 36ms -->
          <step title="Acquired Deployment Lock" date="2025-06-11T13:59:06.017" /><!-- duration: 17ms -->
        </step><!-- duration: 740ms -->
      </step><!-- duration: 853ms -->
      <step title="Outgoing response" date="2025-06-11T13:59:06.231" type="response" statusCode="202" statusText="Accepted" /><!-- duration: 8ms -->
    </step><!-- duration: 4619ms -->
