﻿<?xml version="1.0" encoding="utf-8"?>
<deployment>
  <id>8725a296-8960-4212-b5b8-2eb7f8872fb1</id>
  <author>N/A</author>
  <deployer>GITHUB_ZIP_DEPLOY</deployer>
  <authorEmail>N/A</authorEmail>
  <message>{"type":"deployment","sha":"d812d196db959239107adc75c1fd5d5c834aa8ae","repoName":"probinson27r/location-bot","actor":"probinson27r","slotName":"production","commitMessage":"Fix double response error: Add proper error handling to prevent ERR_HTTP_HEADERS_SENT"}</message>
  <progress></progress>
  <status>Success</status>
  <statusText></statusText>
  <lastSuccessEndTime>2025-06-11T15:14:45.4354731Z</lastSuccessEndTime>
  <receivedTime>2025-06-11T15:13:53.8344724Z</receivedTime>
  <startTime>2025-06-11T15:13:55.0903338Z</startTime>
  <endTime>2025-06-11T15:14:45.4354731Z</endTime>
  <complete>True</complete>
  <is_temp>False</is_temp>
  <is_readonly>True</is_readonly>
  <buildSummary />
</deployment>