﻿<?xml version="1.0" encoding="utf-8"?>
<deployment>
  <id>273152e2-ed65-4c4f-9fe7-b77742ecd8f0</id>
  <author>N/A</author>
  <deployer>GITHUB_ZIP_DEPLOY</deployer>
  <authorEmail>N/A</authorEmail>
  <message>{"type":"deployment","sha":"f53e5246dfd1dc915ee26688387fb16da5c2989a","repoName":"probinson27r/location-bot","actor":"probinson27r","slotName":"production","commitMessage":"Update package-lock.json to sync with package.json changes"}</message>
  <progress></progress>
  <status>Success</status>
  <statusText></statusText>
  <lastSuccessEndTime>2025-06-11T13:57:04.4748679Z</lastSuccessEndTime>
  <receivedTime>2025-06-11T13:55:52.7407999Z</receivedTime>
  <startTime>2025-06-11T13:55:54.8530844Z</startTime>
  <endTime>2025-06-11T13:57:04.4748679Z</endTime>
  <complete>True</complete>
  <is_temp>False</is_temp>
  <is_readonly>True</is_readonly>
  <buildSummary />
</deployment>