﻿<?xml version="1.0" encoding="utf-8"?>
<deployment>
  <id>e73e620e-68c3-43d4-a8c2-54cbc9aabb23</id>
  <author>N/A</author>
  <deployer>GITHUB_ZIP_DEPLOY</deployer>
  <authorEmail>N/A</authorEmail>
  <message>{"type":"deployment","sha":"ba9ae06343afd604a6c281104ebd5a6ac798912b","repoName":"probinson27r/location-bot","actor":"probinson27r","slotName":"production","commitMessage":"Remove Docker workflows and scripts, keep only Azure App Service deployment"}</message>
  <progress></progress>
  <status>Success</status>
  <statusText></statusText>
  <lastSuccessEndTime>2025-06-11T14:09:54.319195Z</lastSuccessEndTime>
  <receivedTime>2025-06-11T14:08:50.3913749Z</receivedTime>
  <startTime>2025-06-11T14:08:51.7775549Z</startTime>
  <endTime>2025-06-11T14:09:54.319195Z</endTime>
  <complete>True</complete>
  <is_temp>False</is_temp>
  <is_readonly>True</is_readonly>
  <buildSummary />
</deployment>