<step title="Incoming Request" date="2025-06-11T15:13:00.718" instance="a2f383" url="/api/zipdeploy?isAsync=true&amp;deployer=GITHUB_ZIP_DEPLOY&amp;message=%7B%22type%22%3A%22deployment%22%2C%22sha%22%3A%22d812d196db959239107adc75c1fd5d5c834aa8ae%22%2C%22repoName%22%3A%22probinson27r%2Flocation-bot%22%2C%22actor%22%3A%22probinson27r%22%2C%22slotName%22%3A%22production%22%2C%22commitMessage%22%3A%22Fix%20double%20response%20error%3A%20Add%20proper%20error%20handling%20to%20prevent%20ERR_HTTP_HEADERS_SENT%22%7D" method="POST" type="request" pid="822,1,22" Host="location-bot-app.scm.azurewebsites.net" User-Agent="GITHUBACTIONS_DeployWebAppToAzure_f7ff736849f76bad7da7fdddc90929ffcec3960c5d3b7cbb9bc413d1b43b3fd8" Authorization="Bea..." Content-Type="application/octet-stream" Cookie="ARRAffinity=a2f3830eaa37e846301ed32115377ad1acfc671c14c8fba1b25a4af2e57fc782;Path=/;HttpOnly;Secure;Domain=location-bot-app.scm.azurewebsites.net; ARRAffinitySameSite=a2f3830eaa37e846301ed32115377ad1acfc671c14c8fba1b25a4af2e57fc782;Path=/;HttpOnly;SameSite=None;Secure;Domain=location-bot-app.scm.azurewebsites.net" Transfer-Encoding="chunked" X-ARR-LOG-ID="23bb5eea-6395-4da9-93c4-908d692a99ac" CLIENT-IP="172.191.2.126:51776" X-SITE-DEPLOYMENT-ID="location-bot-app" WAS-DEFAULT-HOSTNAME="location-bot-app.scm.azurewebsites.net" X-Forwarded-Proto="https" X-AppService-Proto="https" X-Forwarded-TlsVersion="1.3" X-WAWS-Unencoded-URL="/api/zipdeploy?isAsync=true&amp;deployer=GITHUB_ZIP_DEPLOY&amp;message=%7B%22type%22%3A%22deployment%22%2C%22sha%22%3A%22d812d196db959239107adc75c1fd5d5c834aa8ae%22%2C%22repoName%22%3A%22probinson27r%2Flocation-bot%22%2C%22actor%22%3A%22probinson27r%22%2C%22slotName%22%3A%22production%22%2C%22commitMessage%22%3A%22Fix%20double%20response%20error%3A%20Add%20proper%20error%20handling%20to%20prevent%20ERR_HTTP_HEADERS_SENT%22%7D" X-Client-IP="172.191.2.126" X-Client-Port="51776" >
  <step title="Cleanup Xml Logs" date="2025-06-11T15:13:00.722" /><!-- duration: 5ms -->
  <step title="ZipPushDeploy" date="2025-06-11T15:13:00.777" >
    <step title="ZipDeploy. Extract zip." date="2025-06-11T15:13:00.793" /><!-- duration: 2ms -->
    <step title="None repository commit" date="2025-06-11T15:13:00.801" >
      <step title="Commit id: 8725a296-8960-4212-b5b8-2eb7f8872fb1" date="2025-06-11T15:13:00.803" Message="N/A" AuthorName="N/A" AuthorEmail="N/A" /><!-- duration: 2ms -->
    </step><!-- duration: 6ms -->
    <step title="Starting PushDeployAsync" date="2025-06-11T15:13:00.809" /><!-- duration: 2ms -->
    <step title="Removing node_modules symlink" date="2025-06-11T15:13:00.831" >
      <step title="Removing _del_node_modules symlink" date="2025-06-11T15:13:00.941" >
        <step title="Writing artifact to /tmp/zipdeploy/4a675c6a-0ef0-464f-b27f-90b18872f2ef.zip" date="2025-06-11T15:13:00.993" >
          <step title="Writing multipart request body to /tmp/zipdeploy/4a675c6a-0ef0-464f-b27f-90b18872f2ef.zip" date="2025-06-11T15:13:01.008" /><!-- duration: 8ms -->
        </step><!-- duration: 4136ms -->
        <step title="Removing previous build artifact&apos;s manifest file" date="2025-06-11T15:13:05.141" >
          <step title="Start deployment in the background" date="2025-06-11T15:13:05.214" >
            <step title="Acquiring Deployment Lock" date="2025-06-11T15:13:05.490" /><!-- duration: 4ms -->
            <step title="Acquired Deployment Lock" date="2025-06-11T15:13:05.529" /><!-- duration: 2ms -->
          </step><!-- duration: 417ms -->
        </step><!-- duration: 1437ms -->
        <step title="Outgoing response" date="2025-06-11T15:13:06.624" type="response" statusCode="202" statusText="Accepted" /><!-- duration: 8ms -->
      </step><!-- duration: 5701ms -->
