<step title="BackgroundTrace" date="2025-06-11T15:13:05.220" instance="a2f383" url="/api/zipdeploy" method="POST" >
  <step title="Cleanup Xml Logs" date="2025-06-11T15:13:05.223" /><!-- duration: 5ms -->
  <step title="Creating temporary deployment - FetchDeploymentManager" date="2025-06-11T15:13:05.533" /><!-- duration: 2ms -->
  <step title="Creating temporary deployment" date="2025-06-11T15:13:05.545" /><!-- duration: 82ms -->
  <step title="Performing fetch based deployment" date="2025-06-11T15:13:06.670" >
    <step title="Cleaning up temp folders from previous zip deployments and extracting pushed zip file /tmp/zipdeploy/4a675c6a-0ef0-464f-b27f-90b18872f2ef.zip (60.64 MB) to /tmp/zipdeploy/extracted" date="2025-06-11T15:13:08.083" >
      <step title="ChmodRecursive Process exited with total time taken in ms: 729" date="2025-06-11T15:13:51.671" /><!-- duration: 8ms -->
    </step><!-- duration: 43606ms -->
    <step title="Deployment timer started" date="2025-06-11T15:13:53.705" >
      <step title="DeploymentManager.Deploy(id:8725a296-8960-4212-b5b8-2eb7f8872fb1)" date="2025-06-11T15:13:53.734" >
        <step title="Collecting changeset information" date="2025-06-11T15:13:53.777" /><!-- duration: 98ms -->
        <step title="Updating submodules" date="2025-06-11T15:13:53.879" /><!-- duration: 1102ms -->
        <step title="Determining deployment builder" date="2025-06-11T15:13:55.129" >
          <step title="Builder is BasicBuilder" date="2025-06-11T15:13:55.146" /><!-- duration: 8ms -->
        </step><!-- duration: 28ms -->
        <step title="PreDeployment: context.CleanOutputPath False" date="2025-06-11T15:13:55.198" >
          <step title="PreDeployment: context.OutputPath /home/site/wwwroot" date="2025-06-11T15:13:55.269" >
            <step title="Building" date="2025-06-11T15:13:55.368" >
              <step title="Executing external process" date="2025-06-11T15:13:55.733" type="process" path="starter.sh" arguments="/opt/Kudu/Scripts/absoluteTar.sh /tmp/zipdeploy/extracted/node_modules /tmp/zipdeploy/extracted/node_modules.tar.gz" /><!-- duration: 41285ms -->
              <step title="Executing external process" date="2025-06-11T15:14:37.247" type="process" path="starter.sh" arguments="/opt/Kudu/Scripts/parallel_rsync.sh /tmp/zipdeploy/extracted /home/site/wwwroot 8 /tmp/ False True node_modules " /><!-- duration: 7076ms -->
              <step title="Triggering recycle (preview mode disabled)." date="2025-06-11T15:14:45.042" /><!-- duration: 5ms -->
              <step title="Modified file to trigger a restart of the app container." date="2025-06-11T15:14:45.073" /><!-- duration: 3ms -->
              <step title="Skip function trigger and logicapp sync because function is not enabled." date="2025-06-11T15:14:45.083" /><!-- duration: 3ms -->
            </step><!-- duration: 50405ms -->
          </step><!-- duration: 50558ms -->
          <step title="Cleaning up temp files" date="2025-06-11T15:14:45.830" /><!-- duration: 16ms -->
          <step title="Cleaning up temp files" date="2025-06-11T15:14:45.848" /><!-- duration: 518ms -->
          <step title="Reloading status file with latest updates" date="2025-06-11T15:14:46.380" >
            <step title="WebHooksManager.PublishEventAsync: PostDeployment" date="2025-06-11T15:14:46.402" /><!-- duration: 125ms -->
          </step><!-- duration: 149ms -->
          <step title="Cleaning up temporary deployment - fetch deployment was successful" date="2025-06-11T15:14:46.534" /><!-- duration: 3ms -->
        </step><!-- duration: 51395ms -->
      </step><!-- duration: 52875ms -->
