<step title="BackgroundTrace" date="2025-06-11T14:07:50.831" instance="a2f383" url="/api/zipdeploy" method="POST" >
  <step title="Cleanup Xml Logs" date="2025-06-11T14:07:50.841" /><!-- duration: 8ms -->
  <step title="Creating temporary deployment - FetchDeploymentManager" date="2025-06-11T14:07:50.917" /><!-- duration: 2ms -->
  <step title="Creating temporary deployment" date="2025-06-11T14:07:50.925" /><!-- duration: 81ms -->
  <step title="Performing fetch based deployment" date="2025-06-11T14:07:51.033" >
    <step title="Cleaning up temp folders from previous zip deployments and extracting pushed zip file /tmp/zipdeploy/7de8b511-5485-44b6-8b6a-6de30aeb9659.zip (60.45 MB) to /tmp/zipdeploy/extracted" date="2025-06-11T14:07:52.200" >
      <step title="ChmodRecursive Process exited with total time taken in ms: 403" date="2025-06-11T14:08:48.167" /><!-- duration: 9ms -->
    </step><!-- duration: 56004ms -->
    <step title="Deployment timer started" date="2025-06-11T14:08:50.255" >
      <step title="DeploymentManager.Deploy(id:e73e620e-68c3-43d4-a8c2-54cbc9aabb23)" date="2025-06-11T14:08:50.308" >
        <step title="Collecting changeset information" date="2025-06-11T14:08:50.335" /><!-- duration: 171ms -->
        <step title="Updating submodules" date="2025-06-11T14:08:50.515" /><!-- duration: 1117ms -->
        <step title="Determining deployment builder" date="2025-06-11T14:08:51.820" >
          <step title="Builder is BasicBuilder" date="2025-06-11T14:08:51.839" /><!-- duration: 3ms -->
        </step><!-- duration: 30ms -->
        <step title="PreDeployment: context.CleanOutputPath False" date="2025-06-11T14:08:51.929" >
          <step title="PreDeployment: context.OutputPath /home/site/wwwroot" date="2025-06-11T14:08:52.017" >
            <step title="Building" date="2025-06-11T14:08:52.142" >
              <step title="Executing external process" date="2025-06-11T14:08:52.639" type="process" path="starter.sh" arguments="/opt/Kudu/Scripts/absoluteTar.sh /tmp/zipdeploy/extracted/node_modules /tmp/zipdeploy/extracted/node_modules.tar.gz" /><!-- duration: 50892ms -->
              <step title="Executing external process" date="2025-06-11T14:09:43.927" type="process" path="starter.sh" arguments="/opt/Kudu/Scripts/parallel_rsync.sh /tmp/zipdeploy/extracted /home/site/wwwroot 8 /tmp/ False True node_modules " /><!-- duration: 9511ms -->
              <step title="Triggering recycle (preview mode disabled)." date="2025-06-11T14:09:53.944" /><!-- duration: 4ms -->
              <step title="Modified file to trigger a restart of the app container." date="2025-06-11T14:09:53.973" /><!-- duration: 2ms -->
              <step title="Skip function trigger and logicapp sync because function is not enabled." date="2025-06-11T14:09:53.994" /><!-- duration: 2ms -->
            </step><!-- duration: 62428ms -->
          </step><!-- duration: 62562ms -->
          <step title="Cleaning up temp files" date="2025-06-11T14:09:54.582" /><!-- duration: 9ms -->
          <step title="Cleaning up temp files" date="2025-06-11T14:09:54.609" /><!-- duration: 531ms -->
          <step title="Reloading status file with latest updates" date="2025-06-11T14:09:55.166" >
            <step title="WebHooksManager.PublishEventAsync: PostDeployment" date="2025-06-11T14:09:55.177" /><!-- duration: 65ms -->
          </step><!-- duration: 80ms -->
          <step title="Cleaning up temporary deployment - fetch deployment was successful" date="2025-06-11T14:09:55.254" /><!-- duration: 3ms -->
        </step><!-- duration: 63428ms -->
      </step><!-- duration: 65075ms -->
