﻿<?xml version="1.0" encoding="utf-8"?>
<deployment>
  <id>09beacec-5a3a-42c2-9f2e-75bb54bdfee9</id>
  <author>N/A</author>
  <deployer>GITHUB_ZIP_DEPLOY</deployer>
  <authorEmail>N/A</authorEmail>
  <message>{"type":"deployment","sha":"54e2868dad118c126d23d20d7a353194cbe369d8","repoName":"probinson27r/location-bot","actor":"probinson27r","slotName":"production","commitMessage":"Add README and trigger deployment with proper Azure credentials"}</message>
  <progress></progress>
  <status>Success</status>
  <statusText></statusText>
  <lastSuccessEndTime>2025-06-11T14:01:20.2396807Z</lastSuccessEndTime>
  <receivedTime>2025-06-11T14:00:02.7798556Z</receivedTime>
  <startTime>2025-06-11T14:00:04.5316958Z</startTime>
  <endTime>2025-06-11T14:01:20.2396807Z</endTime>
  <complete>True</complete>
  <is_temp>False</is_temp>
  <is_readonly>True</is_readonly>
  <buildSummary />
</deployment>